episode: 1, reward: -169, avg_reward: -169, epsilon: 1.00
episode: 2, reward: -129, avg_reward: -149, epsilon: 1.00
episode: 3, reward: -322, avg_reward: -207, epsilon: 1.00
episode: 4, reward: -136, avg_reward: -189, epsilon: 1.00
episode: 5, reward: -156, avg_reward: -183, epsilon: 1.00
episode: 6, reward: -348, avg_reward: -210, epsilon: 1.00
episode: 7, reward: -338, avg_reward: -228, epsilon: 1.00
episode: 8, reward: -481, avg_reward: -260, epsilon: 1.00
episode: 9, reward: -209, avg_reward: -254, epsilon: 1.00
episode: 10, reward: -245, avg_reward: -253, epsilon: 1.00
episode: 11, reward: -374, avg_reward: -264, epsilon: 0.99
episode: 12, reward: -175, avg_reward: -257, epsilon: 0.99
episode: 13, reward: -423, avg_reward: -270, epsilon: 0.99
episode: 14, reward: -334, avg_reward: -274, epsilon: 0.99
episode: 15, reward: -409, avg_reward: -283, epsilon: 0.99
episode: 16, reward: -158, avg_reward: -276, epsilon: 0.99
episode: 17, reward: -198, avg_reward: -271, epsilon: 0.99
episode: 18, reward: -466, avg_reward: -282, epsilon: 0.99
episode: 19, reward: -131, avg_reward: -274, epsilon: 0.99
episode: 20, reward: -194, avg_reward: -270, epsilon: 0.99
episode: 21, reward: -131, avg_reward: -263, epsilon: 0.99
episode: 22, reward: -208, avg_reward: -261, epsilon: 0.99
episode: 23, reward: -307, avg_reward: -263, epsilon: 0.99
episode: 24, reward: -142, avg_reward: -258, epsilon: 0.99
episode: 25, reward: -372, avg_reward: -262, epsilon: 0.99
episode: 26, reward: -107, avg_reward: -256, epsilon: 0.99
episode: 27, reward: -55, avg_reward: -249, epsilon: 0.99
episode: 28, reward: -117, avg_reward: -244, epsilon: 0.99
episode: 29, reward: -302, avg_reward: -246, epsilon: 0.99
episode: 30, reward: -70, avg_reward: -240, epsilon: 0.99
episode: 31, reward: -182, avg_reward: -238, epsilon: 0.98
episode: 32, reward: -275, avg_reward: -240, epsilon: 0.98
episode: 33, reward: -130, avg_reward: -236, epsilon: 0.98
episode: 34, reward: -74, avg_reward: -231, epsilon: 0.98
episode: 35, reward: -155, avg_reward: -229, epsilon: 0.98
episode: 36, reward: -164, avg_reward: -227, epsilon: 0.98
episode: 37, reward: -147, avg_reward: -225, epsilon: 0.98
episode: 38, reward: -383, avg_reward: -229, epsilon: 0.98
episode: 39, reward: -258, avg_reward: -230, epsilon: 0.98
episode: 40, reward: -55, avg_reward: -226, epsilon: 0.98
episode: 41, reward: -355, avg_reward: -229, epsilon: 0.98
episode: 42, reward: -211, avg_reward: -229, epsilon: 0.98
episode: 43, reward: -144, avg_reward: -227, epsilon: 0.98
episode: 44, reward: -371, avg_reward: -230, epsilon: 0.98
episode: 45, reward: -116, avg_reward: -227, epsilon: 0.98
episode: 46, reward: -221, avg_reward: -227, epsilon: 0.98
episode: 47, reward: -241, avg_reward: -227, epsilon: 0.98
episode: 48, reward: -89, avg_reward: -225, epsilon: 0.98
episode: 49, reward: -131, avg_reward: -223, epsilon: 0.98
episode: 50, reward: -164, avg_reward: -222, epsilon: 0.98
episode: 51, reward: -149, avg_reward: -220, epsilon: 0.97
episode: 52, reward: -218, avg_reward: -220, epsilon: 0.97
episode: 53, reward: -136, avg_reward: -218, epsilon: 0.97
episode: 54, reward: -146, avg_reward: -217, epsilon: 0.97
episode: 55, reward: -395, avg_reward: -220, epsilon: 0.97
episode: 56, reward: -243, avg_reward: -221, epsilon: 0.97
episode: 57, reward: -218, avg_reward: -221, epsilon: 0.97
episode: 58, reward: -123, avg_reward: -219, epsilon: 0.97
episode: 59, reward: -197, avg_reward: -219, epsilon: 0.97
episode: 60, reward: -164, avg_reward: -218, epsilon: 0.97
episode: 61, reward: -153, avg_reward: -217, epsilon: 0.97
episode: 62, reward: -178, avg_reward: -216, epsilon: 0.97
episode: 63, reward: -147, avg_reward: -215, epsilon: 0.97
episode: 64, reward: -183, avg_reward: -214, epsilon: 0.97
episode: 65, reward: -148, avg_reward: -213, epsilon: 0.97
episode: 66, reward: -240, avg_reward: -214, epsilon: 0.97
episode: 67, reward: -96, avg_reward: -212, epsilon: 0.97
episode: 68, reward: -123, avg_reward: -211, epsilon: 0.97
episode: 69, reward: -356, avg_reward: -213, epsilon: 0.97
episode: 70, reward: -148, avg_reward: -212, epsilon: 0.97
episode: 71, reward: -356, avg_reward: -214, epsilon: 0.96
episode: 72, reward: -186, avg_reward: -214, epsilon: 0.96
episode: 73, reward: -131, avg_reward: -212, epsilon: 0.96
episode: 74, reward: -344, avg_reward: -214, epsilon: 0.96
episode: 75, reward: -259, avg_reward: -215, epsilon: 0.96
episode: 76, reward: -141, avg_reward: -214, epsilon: 0.96
episode: 77, reward: -255, avg_reward: -214, epsilon: 0.96
episode: 78, reward: -151, avg_reward: -214, epsilon: 0.96
episode: 79, reward: -180, avg_reward: -213, epsilon: 0.96
episode: 80, reward: -298, avg_reward: -214, epsilon: 0.96
episode: 81, reward: -121, avg_reward: -213, epsilon: 0.96
episode: 82, reward: -184, avg_reward: -213, epsilon: 0.96
episode: 83, reward: -416, avg_reward: -215, epsilon: 0.96
episode: 84, reward: -185, avg_reward: -215, epsilon: 0.96
episode: 85, reward: -234, avg_reward: -215, epsilon: 0.96
episode: 86, reward: -133, avg_reward: -214, epsilon: 0.96
episode: 87, reward: -259, avg_reward: -215, epsilon: 0.96
episode: 88, reward: -159, avg_reward: -214, epsilon: 0.96
episode: 89, reward: -9, avg_reward: -212, epsilon: 0.96
episode: 90, reward: -165, avg_reward: -211, epsilon: 0.96
episode: 91, reward: -278, avg_reward: -212, epsilon: 0.95
episode: 92, reward: -199, avg_reward: -212, epsilon: 0.95
episode: 93, reward: -275, avg_reward: -212, epsilon: 0.95
episode: 94, reward: -337, avg_reward: -214, epsilon: 0.95
episode: 95, reward: -199, avg_reward: -214, epsilon: 0.95
episode: 96, reward: -130, avg_reward: -213, epsilon: 0.95
episode: 97, reward: -147, avg_reward: -212, epsilon: 0.95
episode: 98, reward: -173, avg_reward: -212, epsilon: 0.95
episode: 99, reward: -170, avg_reward: -211, epsilon: 0.95
episode: 100, reward: -134, avg_reward: -210, epsilon: 0.95
episode: 101, reward: -172, avg_reward: -210, epsilon: 0.95
episode: 102, reward: -256, avg_reward: -212, epsilon: 0.95
episode: 103, reward: -395, avg_reward: -212, epsilon: 0.95
episode: 104, reward: -141, avg_reward: -213, epsilon: 0.95
episode: 105, reward: -289, avg_reward: -214, epsilon: 0.95
episode: 106, reward: -212, avg_reward: -213, epsilon: 0.95
episode: 107, reward: -167, avg_reward: -211, epsilon: 0.95
episode: 108, reward: -223, avg_reward: -208, epsilon: 0.95
episode: 109, reward: -507, avg_reward: -211, epsilon: 0.95
episode: 110, reward: -300, avg_reward: -212, epsilon: 0.95
episode: 111, reward: -117, avg_reward: -209, epsilon: 0.94
episode: 112, reward: -273, avg_reward: -210, epsilon: 0.94
episode: 113, reward: -175, avg_reward: -208, epsilon: 0.94
episode: 114, reward: -210, avg_reward: -206, epsilon: 0.94
episode: 115, reward: -214, avg_reward: -204, epsilon: 0.94
episode: 116, reward: -270, avg_reward: -206, epsilon: 0.94
episode: 117, reward: -161, avg_reward: -205, epsilon: 0.94
episode: 118, reward: -332, avg_reward: -204, epsilon: 0.94
episode: 119, reward: -113, avg_reward: -204, epsilon: 0.94
episode: 120, reward: -244, avg_reward: -204, epsilon: 0.94
episode: 121, reward: -142, avg_reward: -204, epsilon: 0.94
episode: 122, reward: -308, avg_reward: -205, epsilon: 0.94
episode: 123, reward: -265, avg_reward: -205, epsilon: 0.94
episode: 124, reward: -139, avg_reward: -205, epsilon: 0.94
episode: 125, reward: -163, avg_reward: -203, epsilon: 0.94
episode: 126, reward: -161, avg_reward: -203, epsilon: 0.94
episode: 127, reward: -163, avg_reward: -204, epsilon: 0.94
episode: 128, reward: -131, avg_reward: -205, epsilon: 0.94
episode: 129, reward: -137, avg_reward: -203, epsilon: 0.94
episode: 130, reward: -51, avg_reward: -203, epsilon: 0.94
episode: 131, reward: -360, avg_reward: -204, epsilon: 0.93
episode: 132, reward: -142, avg_reward: -203, epsilon: 0.93
episode: 133, reward: -166, avg_reward: -203, epsilon: 0.93
episode: 134, reward: -167, avg_reward: -204, epsilon: 0.93
episode: 135, reward: -300, avg_reward: -206, epsilon: 0.93
episode: 136, reward: -152, avg_reward: -206, epsilon: 0.93
episode: 137, reward: -103, avg_reward: -205, epsilon: 0.93
episode: 138, reward: -160, avg_reward: -203, epsilon: 0.93
episode: 139, reward: -142, avg_reward: -202, epsilon: 0.93
episode: 140, reward: -253, avg_reward: -204, epsilon: 0.93
episode: 141, reward: -185, avg_reward: -202, epsilon: 0.93
episode: 142, reward: -126, avg_reward: -201, epsilon: 0.93
episode: 143, reward: -256, avg_reward: -202, epsilon: 0.93
episode: 144, reward: -267, avg_reward: -201, epsilon: 0.93
episode: 145, reward: -587, avg_reward: -206, epsilon: 0.93
episode: 146, reward: -194, avg_reward: -206, epsilon: 0.93
episode: 147, reward: -256, avg_reward: -206, epsilon: 0.93
episode: 148, reward: -193, avg_reward: -207, epsilon: 0.93
episode: 149, reward: -153, avg_reward: -207, epsilon: 0.93
episode: 150, reward: -443, avg_reward: -210, epsilon: 0.93
episode: 151, reward: -222, avg_reward: -211, epsilon: 0.92
episode: 152, reward: -149, avg_reward: -210, epsilon: 0.92
episode: 153, reward: -313, avg_reward: -212, epsilon: 0.92
episode: 154, reward: -48, avg_reward: -211, epsilon: 0.92
episode: 155, reward: -173, avg_reward: -209, epsilon: 0.92
episode: 156, reward: -318, avg_reward: -209, epsilon: 0.92
episode: 157, reward: -183, avg_reward: -209, epsilon: 0.92
episode: 158, reward: -82, avg_reward: -209, epsilon: 0.92
episode: 159, reward: -369, avg_reward: -210, epsilon: 0.92
episode: 160, reward: -316, avg_reward: -212, epsilon: 0.92
episode: 161, reward: -384, avg_reward: -214, epsilon: 0.92
episode: 162, reward: -147, avg_reward: -214, epsilon: 0.92
episode: 163, reward: -209, avg_reward: -215, epsilon: 0.92
episode: 164, reward: -235, avg_reward: -215, epsilon: 0.92
episode: 165, reward: -17, avg_reward: -214, epsilon: 0.92
episode: 166, reward: -392, avg_reward: -215, epsilon: 0.92
episode: 167, reward: -299, avg_reward: -217, epsilon: 0.92
episode: 168, reward: -106, avg_reward: -217, epsilon: 0.92
episode: 169, reward: -367, avg_reward: -217, epsilon: 0.92
episode: 170, reward: -141, avg_reward: -217, epsilon: 0.92
episode: 171, reward: -130, avg_reward: -215, epsilon: 0.91
episode: 172, reward: -161, avg_reward: -215, epsilon: 0.91
episode: 173, reward: -164, avg_reward: -215, epsilon: 0.91
episode: 174, reward: -167, avg_reward: -213, epsilon: 0.91
episode: 175, reward: -136, avg_reward: -212, epsilon: 0.91
episode: 176, reward: -136, avg_reward: -212, epsilon: 0.91
episode: 177, reward: -508, avg_reward: -214, epsilon: 0.91
episode: 178, reward: -154, avg_reward: -214, epsilon: 0.91
episode: 179, reward: -227, avg_reward: -215, epsilon: 0.91
episode: 180, reward: -407, avg_reward: -216, epsilon: 0.91
episode: 181, reward: -279, avg_reward: -218, epsilon: 0.91
episode: 182, reward: -128, avg_reward: -217, epsilon: 0.91
episode: 183, reward: -246, avg_reward: -215, epsilon: 0.91
episode: 184, reward: -187, avg_reward: -215, epsilon: 0.91
episode: 185, reward: -67, avg_reward: -214, epsilon: 0.91
episode: 186, reward: -116, avg_reward: -214, epsilon: 0.91
episode: 187, reward: -178, avg_reward: -213, epsilon: 0.91
episode: 188, reward: -294, avg_reward: -214, epsilon: 0.91
episode: 189, reward: -210, avg_reward: -216, epsilon: 0.91
episode: 190, reward: -132, avg_reward: -216, epsilon: 0.91
episode: 191, reward: -170, avg_reward: -215, epsilon: 0.90
episode: 192, reward: -307, avg_reward: -216, epsilon: 0.90
episode: 193, reward: -256, avg_reward: -216, epsilon: 0.90
episode: 194, reward: -141, avg_reward: -214, epsilon: 0.90
episode: 195, reward: -187, avg_reward: -213, epsilon: 0.90
episode: 196, reward: -107, avg_reward: -213, epsilon: 0.90
episode: 197, reward: -151, avg_reward: -213, epsilon: 0.90
episode: 198, reward: -181, avg_reward: -213, epsilon: 0.90
episode: 199, reward: -214, avg_reward: -214, epsilon: 0.90
episode: 200, reward: -126, avg_reward: -214, epsilon: 0.90
episode: 201, reward: -228, avg_reward: -214, epsilon: 0.90
episode: 202, reward: -177, avg_reward: -214, epsilon: 0.90
episode: 203, reward: -161, avg_reward: -211, epsilon: 0.90
episode: 204, reward: -218, avg_reward: -212, epsilon: 0.90
episode: 205, reward: -292, avg_reward: -212, epsilon: 0.90
episode: 206, reward: -156, avg_reward: -211, epsilon: 0.90
episode: 207, reward: -152, avg_reward: -211, epsilon: 0.90
episode: 208, reward: -246, avg_reward: -211, epsilon: 0.90
episode: 209, reward: -51, avg_reward: -207, epsilon: 0.90
episode: 210, reward: -155, avg_reward: -205, epsilon: 0.90
episode: 211, reward: -194, avg_reward: -206, epsilon: 0.89
episode: 212, reward: -184, avg_reward: -205, epsilon: 0.89
episode: 213, reward: -149, avg_reward: -205, epsilon: 0.89
episode: 214, reward: -159, avg_reward: -205, epsilon: 0.89
episode: 215, reward: -148, avg_reward: -204, epsilon: 0.89
episode: 216, reward: -164, avg_reward: -203, epsilon: 0.89
episode: 217, reward: -217, avg_reward: -203, epsilon: 0.89
episode: 218, reward: -298, avg_reward: -203, epsilon: 0.89
episode: 219, reward: -216, avg_reward: -204, epsilon: 0.89
episode: 220, reward: -198, avg_reward: -204, epsilon: 0.89
episode: 221, reward: -142, avg_reward: -204, epsilon: 0.89
episode: 222, reward: -168, avg_reward: -202, epsilon: 0.89
episode: 223, reward: -228, avg_reward: -202, epsilon: 0.89
episode: 224, reward: -221, avg_reward: -203, epsilon: 0.89
episode: 225, reward: -187, avg_reward: -203, epsilon: 0.89
episode: 226, reward: -146, avg_reward: -203, epsilon: 0.89
episode: 227, reward: -187, avg_reward: -203, epsilon: 0.89
episode: 228, reward: -471, avg_reward: -206, epsilon: 0.89
episode: 229, reward: -230, avg_reward: -207, epsilon: 0.89
episode: 230, reward: -153, avg_reward: -208, epsilon: 0.89
episode: 231, reward: -129, avg_reward: -206, epsilon: 0.88
episode: 232, reward: -232, avg_reward: -207, epsilon: 0.88
episode: 233, reward: -141, avg_reward: -207, epsilon: 0.88
episode: 234, reward: -265, avg_reward: -208, epsilon: 0.88
episode: 235, reward: -152, avg_reward: -206, epsilon: 0.88
episode: 236, reward: -291, avg_reward: -208, epsilon: 0.88
episode: 237, reward: -169, avg_reward: -208, epsilon: 0.88
episode: 238, reward: -325, avg_reward: -210, epsilon: 0.88
episode: 239, reward: -67, avg_reward: -209, epsilon: 0.88
episode: 240, reward: -53, avg_reward: -207, epsilon: 0.88
episode: 241, reward: -149, avg_reward: -207, epsilon: 0.88
episode: 242, reward: -105, avg_reward: -207, epsilon: 0.88
episode: 243, reward: -307, avg_reward: -207, epsilon: 0.88
episode: 244, reward: -102, avg_reward: -205, epsilon: 0.88
episode: 245, reward: -180, avg_reward: -201, epsilon: 0.88
episode: 246, reward: -315, avg_reward: -203, epsilon: 0.88
episode: 247, reward: -101, avg_reward: -201, epsilon: 0.88
episode: 248, reward: -359, avg_reward: -203, epsilon: 0.88
episode: 249, reward: -209, avg_reward: -203, epsilon: 0.88
episode: 250, reward: -190, avg_reward: -201, epsilon: 0.88
episode: 251, reward: -80, avg_reward: -199, epsilon: 0.87
episode: 252, reward: -476, avg_reward: -203, epsilon: 0.87
episode: 253, reward: -95, avg_reward: -200, epsilon: 0.87
episode: 254, reward: -208, avg_reward: -202, epsilon: 0.87
episode: 255, reward: -215, avg_reward: -202, epsilon: 0.87
episode: 256, reward: -178, avg_reward: -201, epsilon: 0.87
episode: 257, reward: -150, avg_reward: -201, epsilon: 0.87
episode: 258, reward: -99, avg_reward: -201, epsilon: 0.87
episode: 259, reward: -191, avg_reward: -199, epsilon: 0.87
episode: 260, reward: -340, avg_reward: -199, epsilon: 0.87
episode: 261, reward: -107, avg_reward: -197, epsilon: 0.87
episode: 262, reward: -168, avg_reward: -197, epsilon: 0.87
episode: 263, reward: -233, avg_reward: -197, epsilon: 0.87
episode: 264, reward: -141, avg_reward: -196, epsilon: 0.87
episode: 265, reward: -230, avg_reward: -198, epsilon: 0.87
episode: 266, reward: -68, avg_reward: -195, epsilon: 0.87
episode: 267, reward: -109, avg_reward: -193, epsilon: 0.87
episode: 268, reward: -254, avg_reward: -195, epsilon: 0.87
episode: 269, reward: -240, avg_reward: -193, epsilon: 0.87
episode: 270, reward: -178, avg_reward: -194, epsilon: 0.87
episode: 271, reward: -158, avg_reward: -194, epsilon: 0.86
episode: 272, reward: -153, avg_reward: -194, epsilon: 0.86
episode: 273, reward: -67, avg_reward: -193, epsilon: 0.86
episode: 274, reward: -242, avg_reward: -194, epsilon: 0.86
episode: 275, reward: -136, avg_reward: -194, epsilon: 0.86
episode: 276, reward: -238, avg_reward: -195, epsilon: 0.86
episode: 277, reward: -172, avg_reward: -191, epsilon: 0.86
episode: 278, reward: -120, avg_reward: -191, epsilon: 0.86
episode: 279, reward: -314, avg_reward: -192, epsilon: 0.86
episode: 280, reward: -136, avg_reward: -189, epsilon: 0.86
episode: 281, reward: -177, avg_reward: -188, epsilon: 0.86
episode: 282, reward: -306, avg_reward: -190, epsilon: 0.86
episode: 283, reward: -371, avg_reward: -191, epsilon: 0.86
episode: 284, reward: -110, avg_reward: -190, epsilon: 0.86
episode: 285, reward: -120, avg_reward: -191, epsilon: 0.86
episode: 286, reward: -147, avg_reward: -191, epsilon: 0.86
episode: 287, reward: -118, avg_reward: -191, epsilon: 0.86
episode: 288, reward: -89, avg_reward: -188, epsilon: 0.86
episode: 289, reward: -119, avg_reward: -188, epsilon: 0.86
episode: 290, reward: -201, avg_reward: -188, epsilon: 0.86
episode: 291, reward: -157, avg_reward: -188, epsilon: 0.85
episode: 292, reward: -540, avg_reward: -190, epsilon: 0.85
episode: 293, reward: -328, avg_reward: -191, epsilon: 0.85
episode: 294, reward: -123, avg_reward: -191, epsilon: 0.85
episode: 295, reward: -173, avg_reward: -191, epsilon: 0.85
episode: 296, reward: -317, avg_reward: -193, epsilon: 0.85
episode: 297, reward: -445, avg_reward: -196, epsilon: 0.85
episode: 298, reward: -215, avg_reward: -196, epsilon: 0.85
episode: 299, reward: -200, avg_reward: -196, epsilon: 0.85
episode: 300, reward: -195, avg_reward: -197, epsilon: 0.85
episode: 301, reward: -118, avg_reward: -196, epsilon: 0.85
episode: 302, reward: -86, avg_reward: -195, epsilon: 0.85
episode: 303, reward: -146, avg_reward: -195, epsilon: 0.85
episode: 304, reward: -181, avg_reward: -194, epsilon: 0.85
episode: 305, reward: -223, avg_reward: -194, epsilon: 0.85
episode: 306, reward: -139, avg_reward: -193, epsilon: 0.85
episode: 307, reward: -104, avg_reward: -193, epsilon: 0.85
episode: 308, reward: -16, avg_reward: -191, epsilon: 0.85
episode: 309, reward: -166, avg_reward: -192, epsilon: 0.85
episode: 310, reward: -129, avg_reward: -192, epsilon: 0.85
episode: 311, reward: -162, avg_reward: -191, epsilon: 0.84
episode: 312, reward: -186, avg_reward: -191, epsilon: 0.84
episode: 313, reward: -133, avg_reward: -191, epsilon: 0.84
episode: 314, reward: -105, avg_reward: -191, epsilon: 0.84
episode: 315, reward: -191, avg_reward: -191, epsilon: 0.84
episode: 316, reward: -227, avg_reward: -192, epsilon: 0.84
episode: 317, reward: -238, avg_reward: -192, epsilon: 0.84
episode: 318, reward: -137, avg_reward: -190, epsilon: 0.84
episode: 319, reward: -143, avg_reward: -189, epsilon: 0.84
episode: 320, reward: -93, avg_reward: -188, epsilon: 0.84
episode: 321, reward: -201, avg_reward: -189, epsilon: 0.84
episode: 322, reward: -170, avg_reward: -189, epsilon: 0.84
episode: 323, reward: -349, avg_reward: -190, epsilon: 0.84
episode: 324, reward: -115, avg_reward: -189, epsilon: 0.84
episode: 325, reward: -165, avg_reward: -189, epsilon: 0.84
episode: 326, reward: -25, avg_reward: -188, epsilon: 0.84
episode: 327, reward: -176, avg_reward: -188, epsilon: 0.84
episode: 328, reward: -242, avg_reward: -185, epsilon: 0.84
episode: 329, reward: -109, avg_reward: -184, epsilon: 0.84
episode: 330, reward: -209, avg_reward: -185, epsilon: 0.84
episode: 331, reward: -109, avg_reward: -185, epsilon: 0.83
episode: 332, reward: -234, avg_reward: -185, epsilon: 0.83
episode: 333, reward: -123, avg_reward: -184, epsilon: 0.83
episode: 334, reward: -66, avg_reward: -182, epsilon: 0.83
episode: 335, reward: -367, avg_reward: -185, epsilon: 0.83
episode: 336, reward: -161, avg_reward: -183, epsilon: 0.83
episode: 337, reward: -169, avg_reward: -183, epsilon: 0.83
episode: 338, reward: -152, avg_reward: -181, epsilon: 0.83
episode: 339, reward: -136, avg_reward: -182, epsilon: 0.83
episode: 340, reward: -203, avg_reward: -184, epsilon: 0.83
episode: 341, reward: -171, avg_reward: -184, epsilon: 0.83
episode: 342, reward: -279, avg_reward: -186, epsilon: 0.83
episode: 343, reward: -196, avg_reward: -185, epsilon: 0.83
episode: 344, reward: -178, avg_reward: -185, epsilon: 0.83
episode: 345, reward: -149, avg_reward: -185, epsilon: 0.83
episode: 346, reward: -187, avg_reward: -184, epsilon: 0.83
episode: 347, reward: -32, avg_reward: -183, epsilon: 0.83
episode: 348, reward: -100, avg_reward: -180, epsilon: 0.83
episode: 349, reward: -175, avg_reward: -180, epsilon: 0.83
episode: 350, reward: -269, avg_reward: -181, epsilon: 0.83
episode: 351, reward: -179, avg_reward: -182, epsilon: 0.82
episode: 352, reward: -202, avg_reward: -179, epsilon: 0.82
episode: 353, reward: -157, avg_reward: -180, epsilon: 0.82
episode: 354, reward: -117, avg_reward: -179, epsilon: 0.82
episode: 355, reward: -310, avg_reward: -180, epsilon: 0.82
episode: 356, reward: -197, avg_reward: -180, epsilon: 0.82
episode: 357, reward: -239, avg_reward: -181, epsilon: 0.82
episode: 358, reward: -118, avg_reward: -181, epsilon: 0.82
episode: 359, reward: -309, avg_reward: -182, epsilon: 0.82
episode: 360, reward: -214, avg_reward: -181, epsilon: 0.82
episode: 361, reward: -142, avg_reward: -181, epsilon: 0.82
episode: 362, reward: -109, avg_reward: -181, epsilon: 0.82
episode: 363, reward: -242, avg_reward: -181, epsilon: 0.82
episode: 364, reward: -234, avg_reward: -182, epsilon: 0.82
episode: 365, reward: -265, avg_reward: -182, epsilon: 0.82
episode: 366, reward: -331, avg_reward: -185, epsilon: 0.82
episode: 367, reward: -204, avg_reward: -186, epsilon: 0.82
episode: 368, reward: -230, avg_reward: -186, epsilon: 0.82
episode: 369, reward: -181, avg_reward: -185, epsilon: 0.82
episode: 370, reward: -190, avg_reward: -185, epsilon: 0.82
episode: 371, reward: -163, avg_reward: -185, epsilon: 0.81
episode: 372, reward: -257, avg_reward: -186, epsilon: 0.81
episode: 373, reward: -227, avg_reward: -188, epsilon: 0.81
episode: 374, reward: -166, avg_reward: -187, epsilon: 0.81
episode: 375, reward: -78, avg_reward: -186, epsilon: 0.81
episode: 376, reward: -202, avg_reward: -186, epsilon: 0.81
episode: 377, reward: -187, avg_reward: -186, epsilon: 0.81
episode: 378, reward: -160, avg_reward: -187, epsilon: 0.81
episode: 379, reward: -226, avg_reward: -186, epsilon: 0.81
episode: 380, reward: -276, avg_reward: -187, epsilon: 0.81
episode: 381, reward: -174, avg_reward: -187, epsilon: 0.81
episode: 382, reward: -204, avg_reward: -186, epsilon: 0.81
episode: 383, reward: -153, avg_reward: -184, epsilon: 0.81
episode: 384, reward: -312, avg_reward: -186, epsilon: 0.81
episode: 385, reward: -177, avg_reward: -186, epsilon: 0.81
episode: 386, reward: -216, avg_reward: -187, epsilon: 0.81
episode: 387, reward: -76, avg_reward: -187, epsilon: 0.81
episode: 388, reward: -205, avg_reward: -188, epsilon: 0.81
episode: 389, reward: -82, avg_reward: -188, epsilon: 0.81
episode: 390, reward: -185, avg_reward: -187, epsilon: 0.81
episode: 391, reward: -147, avg_reward: -187, epsilon: 0.80
episode: 392, reward: -89, avg_reward: -183, epsilon: 0.80
episode: 393, reward: -167, avg_reward: -181, epsilon: 0.80
episode: 394, reward: -224, avg_reward: -182, epsilon: 0.80
episode: 395, reward: -92, avg_reward: -181, epsilon: 0.80
episode: 396, reward: -172, avg_reward: -180, epsilon: 0.80
episode: 397, reward: -180, avg_reward: -177, epsilon: 0.80
episode: 398, reward: -152, avg_reward: -177, epsilon: 0.80
episode: 399, reward: -136, avg_reward: -176, epsilon: 0.80
episode: 400, reward: -293, avg_reward: -177, epsilon: 0.80
episode: 401, reward: -140, avg_reward: -177, epsilon: 0.80
episode: 402, reward: -289, avg_reward: -179, epsilon: 0.80
episode: 403, reward: -25, avg_reward: -178, epsilon: 0.80
episode: 404, reward: -148, avg_reward: -178, epsilon: 0.80
episode: 405, reward: -522, avg_reward: -181, epsilon: 0.80
episode: 406, reward: -150, avg_reward: -181, epsilon: 0.80
episode: 407, reward: -147, avg_reward: -181, epsilon: 0.80
episode: 408, reward: -329, avg_reward: -184, epsilon: 0.80
episode: 409, reward: -146, avg_reward: -184, epsilon: 0.80
episode: 410, reward: -382, avg_reward: -187, epsilon: 0.80
episode: 411, reward: -148, avg_reward: -186, epsilon: 0.79
episode: 412, reward: -127, avg_reward: -186, epsilon: 0.79
episode: 413, reward: -131, avg_reward: -186, epsilon: 0.79
episode: 414, reward: -284, avg_reward: -188, epsilon: 0.79
episode: 415, reward: -182, avg_reward: -188, epsilon: 0.79
episode: 416, reward: -121, avg_reward: -187, epsilon: 0.79
episode: 417, reward: -154, avg_reward: -186, epsilon: 0.79
episode: 418, reward: -22, avg_reward: -185, epsilon: 0.79
episode: 419, reward: -325, avg_reward: -186, epsilon: 0.79
episode: 420, reward: -104, avg_reward: -186, epsilon: 0.79
episode: 421, reward: -277, avg_reward: -187, epsilon: 0.79
episode: 422, reward: -141, avg_reward: -187, epsilon: 0.79
episode: 423, reward: -120, avg_reward: -185, epsilon: 0.79
episode: 424, reward: -143, avg_reward: -185, epsilon: 0.79
episode: 425, reward: -169, avg_reward: -185, epsilon: 0.79
episode: 426, reward: -211, avg_reward: -187, epsilon: 0.79
episode: 427, reward: -167, avg_reward: -187, epsilon: 0.79
episode: 428, reward: -130, avg_reward: -186, epsilon: 0.79
episode: 429, reward: -167, avg_reward: -186, epsilon: 0.79
episode: 430, reward: -125, avg_reward: -185, epsilon: 0.79
episode: 431, reward: -347, avg_reward: -188, epsilon: 0.78
episode: 432, reward: -311, avg_reward: -189, epsilon: 0.78
episode: 433, reward: -97, avg_reward: -188, epsilon: 0.78
episode: 434, reward: -33, avg_reward: -188, epsilon: 0.78
episode: 435, reward: -222, avg_reward: -186, epsilon: 0.78
episode: 436, reward: -181, avg_reward: -187, epsilon: 0.78
episode: 437, reward: -209, avg_reward: -187, epsilon: 0.78
episode: 438, reward: -72, avg_reward: -186, epsilon: 0.78
episode: 439, reward: -88, avg_reward: -186, epsilon: 0.78
episode: 440, reward: -129, avg_reward: -185, epsilon: 0.78
episode: 441, reward: -107, avg_reward: -184, epsilon: 0.78
episode: 442, reward: -173, avg_reward: -183, epsilon: 0.78
episode: 443, reward: -164, avg_reward: -183, epsilon: 0.78
episode: 444, reward: -185, avg_reward: -183, epsilon: 0.78
episode: 445, reward: -313, avg_reward: -185, epsilon: 0.78
episode: 446, reward: -258, avg_reward: -185, epsilon: 0.78
episode: 447, reward: -128, avg_reward: -186, epsilon: 0.78
episode: 448, reward: -299, avg_reward: -188, epsilon: 0.78
episode: 449, reward: -124, avg_reward: -188, epsilon: 0.78
episode: 450, reward: -172, avg_reward: -187, epsilon: 0.78
episode: 451, reward: -213, avg_reward: -187, epsilon: 0.77
episode: 452, reward: -84, avg_reward: -186, epsilon: 0.77
episode: 453, reward: -125, avg_reward: -186, epsilon: 0.77
episode: 454, reward: -99, avg_reward: -186, epsilon: 0.77
episode: 455, reward: -163, avg_reward: -184, epsilon: 0.77
episode: 456, reward: -202, avg_reward: -184, epsilon: 0.77
episode: 457, reward: -141, avg_reward: -183, epsilon: 0.77
episode: 458, reward: -189, avg_reward: -184, epsilon: 0.77
episode: 459, reward: -196, avg_reward: -183, epsilon: 0.77
episode: 460, reward: -117, avg_reward: -182, epsilon: 0.77
episode: 461, reward: -315, avg_reward: -183, epsilon: 0.77
episode: 462, reward: -220, avg_reward: -185, epsilon: 0.77
episode: 463, reward: -334, avg_reward: -186, epsilon: 0.77
episode: 464, reward: -189, avg_reward: -185, epsilon: 0.77
episode: 465, reward: -300, avg_reward: -185, epsilon: 0.77
episode: 466, reward: -42, avg_reward: -183, epsilon: 0.77
episode: 467, reward: -231, avg_reward: -183, epsilon: 0.77
episode: 468, reward: -21, avg_reward: -181, epsilon: 0.77
episode: 469, reward: -111, avg_reward: -180, epsilon: 0.77
episode: 470, reward: -167, avg_reward: -180, epsilon: 0.77
episode: 471, reward: -202, avg_reward: -180, epsilon: 0.76
episode: 472, reward: -134, avg_reward: -179, epsilon: 0.76
episode: 473, reward: -163, avg_reward: -178, epsilon: 0.76
episode: 474, reward: -198, avg_reward: -179, epsilon: 0.76
episode: 475, reward: -125, avg_reward: -179, epsilon: 0.76
episode: 476, reward: -162, avg_reward: -179, epsilon: 0.76
episode: 477, reward: -146, avg_reward: -178, epsilon: 0.76
episode: 478, reward: -87, avg_reward: -178, epsilon: 0.76
episode: 479, reward: -132, avg_reward: -177, epsilon: 0.76
episode: 480, reward: -100, avg_reward: -175, epsilon: 0.76
episode: 481, reward: -85, avg_reward: -174, epsilon: 0.76
episode: 482, reward: -98, avg_reward: -173, epsilon: 0.76
episode: 483, reward: -157, avg_reward: -173, epsilon: 0.76
episode: 484, reward: -236, avg_reward: -172, epsilon: 0.76
episode: 485, reward: -142, avg_reward: -172, epsilon: 0.76
episode: 486, reward: -161, avg_reward: -171, epsilon: 0.76
episode: 487, reward: -139, avg_reward: -172, epsilon: 0.76
episode: 488, reward: -234, avg_reward: -172, epsilon: 0.76
episode: 489, reward: -263, avg_reward: -174, epsilon: 0.76
episode: 490, reward: -126, avg_reward: -173, epsilon: 0.76
episode: 491, reward: -100, avg_reward: -173, epsilon: 0.75
episode: 492, reward: -183, avg_reward: -174, epsilon: 0.75
episode: 493, reward: -172, avg_reward: -174, epsilon: 0.75
episode: 494, reward: -230, avg_reward: -174, epsilon: 0.75
episode: 495, reward: -122, avg_reward: -174, epsilon: 0.75
episode: 496, reward: -83, avg_reward: -173, epsilon: 0.75
episode: 497, reward: -171, avg_reward: -173, epsilon: 0.75
episode: 498, reward: -204, avg_reward: -174, epsilon: 0.75
episode: 499, reward: -86, avg_reward: -173, epsilon: 0.75
episode: 500, reward: -259, avg_reward: -173, epsilon: 0.75
episode: 501, reward: -105, avg_reward: -173, epsilon: 0.75
episode: 502, reward: -95, avg_reward: -171, epsilon: 0.75
episode: 503, reward: -32, avg_reward: -171, epsilon: 0.75
episode: 504, reward: -203, avg_reward: -171, epsilon: 0.75
episode: 505, reward: -317, avg_reward: -169, epsilon: 0.75
episode: 506, reward: -155, avg_reward: -169, epsilon: 0.75
episode: 507, reward: -169, avg_reward: -170, epsilon: 0.75
episode: 508, reward: -129, avg_reward: -168, epsilon: 0.75
episode: 509, reward: -279, avg_reward: -169, epsilon: 0.75
episode: 510, reward: -116, avg_reward: -166, epsilon: 0.75
episode: 511, reward: -116, avg_reward: -166, epsilon: 0.74
episode: 512, reward: -112, avg_reward: -166, epsilon: 0.74
episode: 513, reward: -115, avg_reward: -166, epsilon: 0.74
episode: 514, reward: -66, avg_reward: -163, epsilon: 0.74
episode: 515, reward: -148, avg_reward: -163, epsilon: 0.74
episode: 516, reward: -125, avg_reward: -163, epsilon: 0.74
episode: 517, reward: -64, avg_reward: -162, epsilon: 0.74
episode: 518, reward: -236, avg_reward: -164, epsilon: 0.74
episode: 519, reward: -76, avg_reward: -162, epsilon: 0.74
episode: 520, reward: -120, avg_reward: -162, epsilon: 0.74
episode: 521, reward: -125, avg_reward: -160, epsilon: 0.74
episode: 522, reward: -160, avg_reward: -161, epsilon: 0.74
episode: 523, reward: -122, avg_reward: -161, epsilon: 0.74
episode: 524, reward: -130, avg_reward: -161, epsilon: 0.74
episode: 525, reward: -69, avg_reward: -160, epsilon: 0.74
episode: 526, reward: -143, avg_reward: -159, epsilon: 0.74
episode: 527, reward: -112, avg_reward: -158, epsilon: 0.74
episode: 528, reward: -133, avg_reward: -158, epsilon: 0.74
episode: 529, reward: -306, avg_reward: -160, epsilon: 0.74
episode: 530, reward: -162, avg_reward: -160, epsilon: 0.74
episode: 531, reward: -99, avg_reward: -158, epsilon: 0.73
episode: 532, reward: -93, avg_reward: -155, epsilon: 0.73
episode: 533, reward: -142, avg_reward: -156, epsilon: 0.73
episode: 534, reward: -108, avg_reward: -157, epsilon: 0.73
episode: 535, reward: -125, avg_reward: -156, epsilon: 0.73
episode: 536, reward: -71, avg_reward: -155, epsilon: 0.73
episode: 537, reward: -97, avg_reward: -153, epsilon: 0.73
episode: 538, reward: -94, avg_reward: -154, epsilon: 0.73
episode: 539, reward: -135, avg_reward: -154, epsilon: 0.73
episode: 540, reward: -142, avg_reward: -154, epsilon: 0.73
episode: 541, reward: -131, avg_reward: -154, epsilon: 0.73
episode: 542, reward: -100, avg_reward: -154, epsilon: 0.73
episode: 543, reward: -113, avg_reward: -153, epsilon: 0.73
episode: 544, reward: -169, avg_reward: -153, epsilon: 0.73
episode: 545, reward: -158, avg_reward: -152, epsilon: 0.73
episode: 546, reward: -132, avg_reward: -150, epsilon: 0.73
episode: 547, reward: -217, avg_reward: -151, epsilon: 0.73
episode: 548, reward: -161, avg_reward: -150, epsilon: 0.73
episode: 549, reward: -132, avg_reward: -150, epsilon: 0.73
episode: 550, reward: -210, avg_reward: -150, epsilon: 0.73
episode: 551, reward: -206, avg_reward: -150, epsilon: 0.72
episode: 552, reward: -84, avg_reward: -150, epsilon: 0.72
episode: 553, reward: -142, avg_reward: -150, epsilon: 0.72
episode: 554, reward: -110, avg_reward: -150, epsilon: 0.72
episode: 555, reward: -98, avg_reward: -150, epsilon: 0.72
episode: 556, reward: -116, avg_reward: -149, epsilon: 0.72
episode: 557, reward: -129, avg_reward: -149, epsilon: 0.72
episode: 558, reward: -120, avg_reward: -148, epsilon: 0.72
episode: 559, reward: -118, avg_reward: -147, epsilon: 0.72
episode: 560, reward: -180, avg_reward: -148, epsilon: 0.72
episode: 561, reward: -178, avg_reward: -147, epsilon: 0.72
episode: 562, reward: -154, avg_reward: -146, epsilon: 0.72
episode: 563, reward: -144, avg_reward: -144, epsilon: 0.72
episode: 564, reward: -126, avg_reward: -143, epsilon: 0.72
episode: 565, reward: -64, avg_reward: -141, epsilon: 0.72
episode: 566, reward: -96, avg_reward: -142, epsilon: 0.72
episode: 567, reward: -131, avg_reward: -141, epsilon: 0.72
episode: 568, reward: -131, avg_reward: -142, epsilon: 0.72
episode: 569, reward: -270, avg_reward: -143, epsilon: 0.72
episode: 570, reward: -264, avg_reward: -144, epsilon: 0.72
episode: 571, reward: -130, avg_reward: -144, epsilon: 0.71
episode: 572, reward: -87, avg_reward: -143, epsilon: 0.71
episode: 573, reward: -119, avg_reward: -143, epsilon: 0.71
episode: 574, reward: -364, avg_reward: -144, epsilon: 0.71
episode: 575, reward: -131, avg_reward: -144, epsilon: 0.71
episode: 576, reward: -108, avg_reward: -144, epsilon: 0.71
episode: 577, reward: -144, avg_reward: -144, epsilon: 0.71
episode: 578, reward: -170, avg_reward: -145, epsilon: 0.71
episode: 579, reward: -305, avg_reward: -146, epsilon: 0.71
episode: 580, reward: -143, avg_reward: -147, epsilon: 0.71
episode: 581, reward: -153, avg_reward: -147, epsilon: 0.71
episode: 582, reward: -173, avg_reward: -148, epsilon: 0.71
episode: 583, reward: -121, avg_reward: -148, epsilon: 0.71
episode: 584, reward: -148, avg_reward: -147, epsilon: 0.71
episode: 585, reward: -180, avg_reward: -147, epsilon: 0.71
episode: 586, reward: -97, avg_reward: -147, epsilon: 0.71
episode: 587, reward: -67, avg_reward: -146, epsilon: 0.71
episode: 588, reward: -121, avg_reward: -145, epsilon: 0.71
episode: 589, reward: -88, avg_reward: -143, epsilon: 0.71
episode: 590, reward: -125, avg_reward: -143, epsilon: 0.71
episode: 591, reward: -115, avg_reward: -143, epsilon: 0.70
episode: 592, reward: -139, avg_reward: -143, epsilon: 0.70
episode: 593, reward: -116, avg_reward: -142, epsilon: 0.70
episode: 594, reward: -243, avg_reward: -142, epsilon: 0.70
episode: 595, reward: -160, avg_reward: -143, epsilon: 0.70
episode: 596, reward: -141, avg_reward: -143, epsilon: 0.70
episode: 597, reward: -132, avg_reward: -143, epsilon: 0.70
episode: 598, reward: -128, avg_reward: -142, epsilon: 0.70
episode: 599, reward: -230, avg_reward: -144, epsilon: 0.70
episode: 600, reward: -261, avg_reward: -144, epsilon: 0.70
episode: 601, reward: -124, avg_reward: -144, epsilon: 0.70
episode: 602, reward: -136, avg_reward: -144, epsilon: 0.70
episode: 603, reward: -182, avg_reward: -146, epsilon: 0.70
episode: 604, reward: -188, avg_reward: -146, epsilon: 0.70
episode: 605, reward: -183, avg_reward: -144, epsilon: 0.70
episode: 606, reward: -237, avg_reward: -145, epsilon: 0.70
episode: 607, reward: -169, avg_reward: -145, epsilon: 0.70
episode: 608, reward: -96, avg_reward: -145, epsilon: 0.70
episode: 609, reward: -84, avg_reward: -143, epsilon: 0.70
episode: 610, reward: -190, avg_reward: -144, epsilon: 0.70
episode: 611, reward: -82, avg_reward: -143, epsilon: 0.69
episode: 612, reward: -110, avg_reward: -143, epsilon: 0.69
episode: 613, reward: -145, avg_reward: -144, epsilon: 0.69
episode: 614, reward: -86, avg_reward: -144, epsilon: 0.69
episode: 615, reward: -146, avg_reward: -144, epsilon: 0.69
episode: 616, reward: -251, avg_reward: -145, epsilon: 0.69
episode: 617, reward: -120, avg_reward: -146, epsilon: 0.69
episode: 618, reward: -118, avg_reward: -144, epsilon: 0.69
episode: 619, reward: -164, avg_reward: -145, epsilon: 0.69
episode: 620, reward: -157, avg_reward: -146, epsilon: 0.69
episode: 621, reward: -118, avg_reward: -146, epsilon: 0.69
episode: 622, reward: -68, avg_reward: -145, epsilon: 0.69
episode: 623, reward: -47, avg_reward: -144, epsilon: 0.69
episode: 624, reward: -124, avg_reward: -144, epsilon: 0.69
episode: 625, reward: -145, avg_reward: -145, epsilon: 0.69
episode: 626, reward: -143, avg_reward: -145, epsilon: 0.69
episode: 627, reward: -105, avg_reward: -144, epsilon: 0.69
episode: 628, reward: -133, avg_reward: -144, epsilon: 0.69
episode: 629, reward: -135, avg_reward: -143, epsilon: 0.69
episode: 630, reward: -338, avg_reward: -145, epsilon: 0.69
episode: 631, reward: -174, avg_reward: -145, epsilon: 0.68
episode: 632, reward: -92, avg_reward: -145, epsilon: 0.68
episode: 633, reward: -140, avg_reward: -145, epsilon: 0.68
episode: 634, reward: -116, avg_reward: -145, epsilon: 0.68
episode: 635, reward: -157, avg_reward: -146, epsilon: 0.68
episode: 636, reward: -190, avg_reward: -147, epsilon: 0.68
episode: 637, reward: -160, avg_reward: -147, epsilon: 0.68
episode: 638, reward: -122, avg_reward: -148, epsilon: 0.68
episode: 639, reward: -101, avg_reward: -147, epsilon: 0.68
episode: 640, reward: -147, avg_reward: -147, epsilon: 0.68
episode: 641, reward: -198, avg_reward: -148, epsilon: 0.68
episode: 642, reward: -71, avg_reward: -148, epsilon: 0.68
episode: 643, reward: -127, avg_reward: -148, epsilon: 0.68
episode: 644, reward: -134, avg_reward: -148, epsilon: 0.68
episode: 645, reward: -88, avg_reward: -147, epsilon: 0.68
episode: 646, reward: -109, avg_reward: -147, epsilon: 0.68
episode: 647, reward: -238, avg_reward: -147, epsilon: 0.68
episode: 648, reward: -167, avg_reward: -147, epsilon: 0.68
episode: 649, reward: -77, avg_reward: -146, epsilon: 0.68
episode: 650, reward: -124, avg_reward: -146, epsilon: 0.68
episode: 651, reward: -99, avg_reward: -144, epsilon: 0.67
episode: 652, reward: -121, avg_reward: -145, epsilon: 0.67
episode: 653, reward: -133, avg_reward: -145, epsilon: 0.67
episode: 654, reward: -177, avg_reward: -145, epsilon: 0.67
episode: 655, reward: -131, avg_reward: -146, epsilon: 0.67
episode: 656, reward: -155, avg_reward: -146, epsilon: 0.67
episode: 657, reward: -133, avg_reward: -146, epsilon: 0.67
episode: 658, reward: -231, avg_reward: -147, epsilon: 0.67
episode: 659, reward: -43, avg_reward: -147, epsilon: 0.67
episode: 660, reward: -117, avg_reward: -146, epsilon: 0.67
episode: 661, reward: -83, avg_reward: -145, epsilon: 0.67
episode: 662, reward: -181, avg_reward: -145, epsilon: 0.67
episode: 663, reward: -86, avg_reward: -145, epsilon: 0.67
episode: 664, reward: -145, avg_reward: -145, epsilon: 0.67
episode: 665, reward: -38, avg_reward: -145, epsilon: 0.67
episode: 666, reward: -120, avg_reward: -145, epsilon: 0.67
episode: 667, reward: -141, avg_reward: -145, epsilon: 0.67
episode: 668, reward: -153, avg_reward: -145, epsilon: 0.67
episode: 669, reward: -134, avg_reward: -144, epsilon: 0.67
episode: 670, reward: -138, avg_reward: -143, epsilon: 0.67
episode: 671, reward: -184, avg_reward: -143, epsilon: 0.66
episode: 672, reward: -70, avg_reward: -143, epsilon: 0.66
episode: 673, reward: -140, avg_reward: -143, epsilon: 0.66
episode: 674, reward: -131, avg_reward: -141, epsilon: 0.66
episode: 675, reward: -141, avg_reward: -141, epsilon: 0.66
episode: 676, reward: -109, avg_reward: -141, epsilon: 0.66
episode: 677, reward: -135, avg_reward: -141, epsilon: 0.66
episode: 678, reward: -47, avg_reward: -140, epsilon: 0.66
episode: 679, reward: -84, avg_reward: -137, epsilon: 0.66
episode: 680, reward: -93, avg_reward: -137, epsilon: 0.66
episode: 681, reward: -232, avg_reward: -138, epsilon: 0.66
episode: 682, reward: 17, avg_reward: -136, epsilon: 0.66
episode: 683, reward: -105, avg_reward: -136, epsilon: 0.66
episode: 684, reward: -158, avg_reward: -136, epsilon: 0.66
episode: 685, reward: -144, avg_reward: -135, epsilon: 0.66
episode: 686, reward: -94, avg_reward: -135, epsilon: 0.66
episode: 687, reward: -108, avg_reward: -136, epsilon: 0.66
episode: 688, reward: -106, avg_reward: -136, epsilon: 0.66
episode: 689, reward: -184, avg_reward: -137, epsilon: 0.66
episode: 690, reward: -108, avg_reward: -136, epsilon: 0.66
episode: 691, reward: -94, avg_reward: -136, epsilon: 0.65
episode: 692, reward: -146, avg_reward: -136, epsilon: 0.65
episode: 693, reward: -216, avg_reward: -137, epsilon: 0.65
episode: 694, reward: -320, avg_reward: -138, epsilon: 0.65
episode: 695, reward: -94, avg_reward: -137, epsilon: 0.65
episode: 696, reward: -81, avg_reward: -137, epsilon: 0.65
episode: 697, reward: -158, avg_reward: -137, epsilon: 0.65
episode: 698, reward: -84, avg_reward: -137, epsilon: 0.65
episode: 699, reward: -274, avg_reward: -137, epsilon: 0.65
episode: 700, reward: -101, avg_reward: -135, epsilon: 0.65
episode: 701, reward: -163, avg_reward: -136, epsilon: 0.65
episode: 702, reward: -178, avg_reward: -136, epsilon: 0.65
episode: 703, reward: -131, avg_reward: -136, epsilon: 0.65
episode: 704, reward: -167, avg_reward: -135, epsilon: 0.65
episode: 705, reward: -125, avg_reward: -135, epsilon: 0.65
episode: 706, reward: -117, avg_reward: -134, epsilon: 0.65
episode: 707, reward: -142, avg_reward: -133, epsilon: 0.65
episode: 708, reward: -125, avg_reward: -134, epsilon: 0.65
episode: 709, reward: -109, avg_reward: -134, epsilon: 0.65
episode: 710, reward: -115, avg_reward: -133, epsilon: 0.65
episode: 711, reward: -95, avg_reward: -133, epsilon: 0.64
episode: 712, reward: -96, avg_reward: -133, epsilon: 0.64
episode: 713, reward: -127, avg_reward: -133, epsilon: 0.64
episode: 714, reward: -94, avg_reward: -133, epsilon: 0.64
episode: 715, reward: -126, avg_reward: -133, epsilon: 0.64
episode: 716, reward: -60, avg_reward: -131, epsilon: 0.64
episode: 717, reward: -140, avg_reward: -131, epsilon: 0.64
episode: 718, reward: -125, avg_reward: -131, epsilon: 0.64
episode: 719, reward: -102, avg_reward: -131, epsilon: 0.64
episode: 720, reward: -127, avg_reward: -130, epsilon: 0.64
episode: 721, reward: -116, avg_reward: -130, epsilon: 0.64
episode: 722, reward: -105, avg_reward: -131, epsilon: 0.64
episode: 723, reward: -41, avg_reward: -131, epsilon: 0.64
episode: 724, reward: -109, avg_reward: -130, epsilon: 0.64
episode: 725, reward: -145, avg_reward: -130, epsilon: 0.64
episode: 726, reward: -68, avg_reward: -130, epsilon: 0.64
episode: 727, reward: -85, avg_reward: -130, epsilon: 0.64
episode: 728, reward: -170, avg_reward: -130, epsilon: 0.64
episode: 729, reward: -150, avg_reward: -130, epsilon: 0.64
episode: 730, reward: -102, avg_reward: -128, epsilon: 0.64
episode: 731, reward: -50, avg_reward: -126, epsilon: 0.63
episode: 732, reward: -145, avg_reward: -127, epsilon: 0.63
episode: 733, reward: -134, avg_reward: -127, epsilon: 0.63
episode: 734, reward: -145, avg_reward: -127, epsilon: 0.63
episode: 735, reward: -142, avg_reward: -127, epsilon: 0.63
episode: 736, reward: -168, avg_reward: -127, epsilon: 0.63
episode: 737, reward: -168, avg_reward: -127, epsilon: 0.63
episode: 738, reward: -124, avg_reward: -127, epsilon: 0.63
episode: 739, reward: -137, avg_reward: -127, epsilon: 0.63
episode: 740, reward: -116, avg_reward: -127, epsilon: 0.63
episode: 741, reward: -105, avg_reward: -126, epsilon: 0.63
episode: 742, reward: -69, avg_reward: -126, epsilon: 0.63
episode: 743, reward: -104, avg_reward: -126, epsilon: 0.63
episode: 744, reward: -119, avg_reward: -126, epsilon: 0.63
episode: 745, reward: -301, avg_reward: -128, epsilon: 0.63
episode: 746, reward: -157, avg_reward: -128, epsilon: 0.63
episode: 747, reward: -149, avg_reward: -127, epsilon: 0.63
episode: 748, reward: -128, avg_reward: -127, epsilon: 0.63
episode: 749, reward: -291, avg_reward: -129, epsilon: 0.63
episode: 750, reward: -32, avg_reward: -128, epsilon: 0.63
episode: 751, reward: -132, avg_reward: -129, epsilon: 0.62
episode: 752, reward: -35, avg_reward: -128, epsilon: 0.62
episode: 753, reward: -128, avg_reward: -128, epsilon: 0.62
episode: 754, reward: -99, avg_reward: -127, epsilon: 0.62
episode: 755, reward: -112, avg_reward: -127, epsilon: 0.62
episode: 756, reward: -130, avg_reward: -126, epsilon: 0.62
episode: 757, reward: -157, avg_reward: -127, epsilon: 0.62
episode: 758, reward: -210, avg_reward: -126, epsilon: 0.62
episode: 759, reward: -156, avg_reward: -128, epsilon: 0.62
episode: 760, reward: -73, avg_reward: -127, epsilon: 0.62
episode: 761, reward: -205, avg_reward: -128, epsilon: 0.62
episode: 762, reward: -125, avg_reward: -128, epsilon: 0.62
episode: 763, reward: -162, avg_reward: -129, epsilon: 0.62
episode: 764, reward: -145, avg_reward: -129, epsilon: 0.62
episode: 765, reward: -111, avg_reward: -129, epsilon: 0.62
episode: 766, reward: -104, avg_reward: -129, epsilon: 0.62
episode: 767, reward: -72, avg_reward: -128, epsilon: 0.62
episode: 768, reward: -117, avg_reward: -128, epsilon: 0.62
episode: 769, reward: -145, avg_reward: -128, epsilon: 0.62
episode: 770, reward: -43, avg_reward: -127, epsilon: 0.62
episode: 771, reward: -95, avg_reward: -126, epsilon: 0.61
episode: 772, reward: -94, avg_reward: -127, epsilon: 0.61
episode: 773, reward: -106, avg_reward: -126, epsilon: 0.61
episode: 774, reward: -103, avg_reward: -126, epsilon: 0.61
episode: 775, reward: -195, avg_reward: -127, epsilon: 0.61
episode: 776, reward: -137, avg_reward: -127, epsilon: 0.61
episode: 777, reward: -192, avg_reward: -127, epsilon: 0.61
episode: 778, reward: -87, avg_reward: -128, epsilon: 0.61
episode: 779, reward: -118, avg_reward: -128, epsilon: 0.61
episode: 780, reward: -120, avg_reward: -128, epsilon: 0.61
episode: 781, reward: -47, avg_reward: -127, epsilon: 0.61
episode: 782, reward: -25, avg_reward: -127, epsilon: 0.61
episode: 783, reward: -160, avg_reward: -127, epsilon: 0.61
episode: 784, reward: -110, avg_reward: -127, epsilon: 0.61
episode: 785, reward: -162, avg_reward: -127, epsilon: 0.61
episode: 786, reward: -156, avg_reward: -128, epsilon: 0.61
episode: 787, reward: -141, avg_reward: -128, epsilon: 0.61
episode: 788, reward: -139, avg_reward: -128, epsilon: 0.61
episode: 789, reward: -100, avg_reward: -128, epsilon: 0.61
episode: 790, reward: -47, avg_reward: -127, epsilon: 0.61
episode: 791, reward: -163, avg_reward: -128, epsilon: 0.60
episode: 792, reward: -39, avg_reward: -127, epsilon: 0.60
episode: 793, reward: -133, avg_reward: -126, epsilon: 0.60
episode: 794, reward: -168, avg_reward: -124, epsilon: 0.60
episode: 795, reward: -135, avg_reward: -125, epsilon: 0.60
episode: 796, reward: -160, avg_reward: -126, epsilon: 0.60
episode: 797, reward: -90, avg_reward: -125, epsilon: 0.60
episode: 798, reward: -97, avg_reward: -125, epsilon: 0.60
episode: 799, reward: 18, avg_reward: -122, epsilon: 0.60
episode: 800, reward: -126, avg_reward: -122, epsilon: 0.60
episode: 801, reward: -203, avg_reward: -123, epsilon: 0.60
episode: 802, reward: -168, avg_reward: -123, epsilon: 0.60
episode: 803, reward: -88, avg_reward: -122, epsilon: 0.60
episode: 804, reward: -127, avg_reward: -122, epsilon: 0.60
episode: 805, reward: -122, avg_reward: -122, epsilon: 0.60
episode: 806, reward: -130, avg_reward: -122, epsilon: 0.60
episode: 807, reward: -113, avg_reward: -122, epsilon: 0.60
episode: 808, reward: -108, avg_reward: -121, epsilon: 0.60
episode: 809, reward: -138, avg_reward: -122, epsilon: 0.60
episode: 810, reward: -176, avg_reward: -122, epsilon: 0.60
episode: 811, reward: -97, avg_reward: -122, epsilon: 0.59
episode: 812, reward: -97, avg_reward: -122, epsilon: 0.59
episode: 813, reward: -138, avg_reward: -122, epsilon: 0.59
episode: 814, reward: -135, avg_reward: -123, epsilon: 0.59
episode: 815, reward: -88, avg_reward: -122, epsilon: 0.59
episode: 816, reward: -185, avg_reward: -124, epsilon: 0.59
episode: 817, reward: -126, avg_reward: -124, epsilon: 0.59
episode: 818, reward: -115, avg_reward: -123, epsilon: 0.59
episode: 819, reward: -105, avg_reward: -124, epsilon: 0.59
episode: 820, reward: -107, avg_reward: -123, epsilon: 0.59
episode: 821, reward: -65, avg_reward: -123, epsilon: 0.59
episode: 822, reward: -65, avg_reward: -122, epsilon: 0.59
episode: 823, reward: -120, avg_reward: -123, epsilon: 0.59
episode: 824, reward: -138, avg_reward: -123, epsilon: 0.59
episode: 825, reward: -153, avg_reward: -124, epsilon: 0.59
episode: 826, reward: -111, avg_reward: -124, epsilon: 0.59
episode: 827, reward: -151, avg_reward: -125, epsilon: 0.59
episode: 828, reward: -123, avg_reward: -124, epsilon: 0.59
episode: 829, reward: -99, avg_reward: -124, epsilon: 0.59
episode: 830, reward: -96, avg_reward: -124, epsilon: 0.59
episode: 831, reward: -156, avg_reward: -125, epsilon: 0.58
episode: 832, reward: -43, avg_reward: -124, epsilon: 0.58
episode: 833, reward: -94, avg_reward: -123, epsilon: 0.58
episode: 834, reward: -109, avg_reward: -123, epsilon: 0.58
episode: 835, reward: -112, avg_reward: -123, epsilon: 0.58
episode: 836, reward: -58, avg_reward: -121, epsilon: 0.58
episode: 837, reward: -96, avg_reward: -121, epsilon: 0.58
episode: 838, reward: -125, avg_reward: -121, epsilon: 0.58
episode: 839, reward: -191, avg_reward: -121, epsilon: 0.58
episode: 840, reward: -102, avg_reward: -121, epsilon: 0.58
episode: 841, reward: -114, avg_reward: -121, epsilon: 0.58
episode: 842, reward: -101, avg_reward: -122, epsilon: 0.58
episode: 843, reward: -143, avg_reward: -122, epsilon: 0.58
episode: 844, reward: -137, avg_reward: -122, epsilon: 0.58
episode: 845, reward: -94, avg_reward: -120, epsilon: 0.58
episode: 846, reward: -138, avg_reward: -120, epsilon: 0.58
episode: 847, reward: -91, avg_reward: -119, epsilon: 0.58
episode: 848, reward: -16, avg_reward: -118, epsilon: 0.58
episode: 849, reward: -51, avg_reward: -116, epsilon: 0.58
episode: 850, reward: -129, avg_reward: -117, epsilon: 0.58
episode: 851, reward: -151, avg_reward: -117, epsilon: 0.57
episode: 852, reward: -119, avg_reward: -118, epsilon: 0.57
episode: 853, reward: -142, avg_reward: -118, epsilon: 0.57
episode: 854, reward: -49, avg_reward: -117, epsilon: 0.57
episode: 855, reward: -96, avg_reward: -117, epsilon: 0.57
episode: 856, reward: -60, avg_reward: -117, epsilon: 0.57
episode: 857, reward: -142, avg_reward: -116, epsilon: 0.57
episode: 858, reward: -79, avg_reward: -115, epsilon: 0.57
episode: 859, reward: -166, avg_reward: -115, epsilon: 0.57
episode: 860, reward: -91, avg_reward: -115, epsilon: 0.57
episode: 861, reward: -122, avg_reward: -115, epsilon: 0.57
episode: 862, reward: -104, avg_reward: -114, epsilon: 0.57
episode: 863, reward: -117, avg_reward: -114, epsilon: 0.57
episode: 864, reward: -114, avg_reward: -114, epsilon: 0.57
episode: 865, reward: -101, avg_reward: -113, epsilon: 0.57
episode: 866, reward: -140, avg_reward: -114, epsilon: 0.57
episode: 867, reward: -89, avg_reward: -114, epsilon: 0.57
episode: 868, reward: -116, avg_reward: -114, epsilon: 0.57
episode: 869, reward: -141, avg_reward: -114, epsilon: 0.57
episode: 870, reward: -102, avg_reward: -115, epsilon: 0.57
episode: 871, reward: -116, avg_reward: -115, epsilon: 0.56
episode: 872, reward: -137, avg_reward: -115, epsilon: 0.56
episode: 873, reward: -159, avg_reward: -116, epsilon: 0.56
episode: 874, reward: -139, avg_reward: -116, epsilon: 0.56
episode: 875, reward: -166, avg_reward: -116, epsilon: 0.56
episode: 876, reward: -123, avg_reward: -116, epsilon: 0.56
episode: 877, reward: -137, avg_reward: -115, epsilon: 0.56
episode: 878, reward: -50, avg_reward: -115, epsilon: 0.56
episode: 879, reward: -292, avg_reward: -116, epsilon: 0.56
episode: 880, reward: -111, avg_reward: -116, epsilon: 0.56
episode: 881, reward: -53, avg_reward: -116, epsilon: 0.56
episode: 882, reward: -140, avg_reward: -118, epsilon: 0.56
episode: 883, reward: -83, avg_reward: -117, epsilon: 0.56
episode: 884, reward: -138, avg_reward: -117, epsilon: 0.56
episode: 885, reward: 14, avg_reward: -115, epsilon: 0.56
episode: 886, reward: -175, avg_reward: -116, epsilon: 0.56
episode: 887, reward: -136, avg_reward: -115, epsilon: 0.56
episode: 888, reward: -133, avg_reward: -115, epsilon: 0.56
episode: 889, reward: -12, avg_reward: -115, epsilon: 0.56
episode: 890, reward: -82, avg_reward: -115, epsilon: 0.56
episode: 891, reward: -117, avg_reward: -114, epsilon: 0.55
episode: 892, reward: -142, avg_reward: -115, epsilon: 0.55
episode: 893, reward: -87, avg_reward: -115, epsilon: 0.55
episode: 894, reward: -157, avg_reward: -115, epsilon: 0.55
episode: 895, reward: -115, avg_reward: -115, epsilon: 0.55
episode: 896, reward: -22, avg_reward: -113, epsilon: 0.55
episode: 897, reward: -90, avg_reward: -113, epsilon: 0.55
episode: 898, reward: -108, avg_reward: -113, epsilon: 0.55
episode: 899, reward: -97, avg_reward: -115, epsilon: 0.55
episode: 900, reward: -96, avg_reward: -114, epsilon: 0.55
episode: 901, reward: -45, avg_reward: -113, epsilon: 0.55
episode: 902, reward: -141, avg_reward: -112, epsilon: 0.55
episode: 903, reward: -136, avg_reward: -113, epsilon: 0.55
episode: 904, reward: -23, avg_reward: -112, epsilon: 0.55
episode: 905, reward: -111, avg_reward: -112, epsilon: 0.55
episode: 906, reward: -161, avg_reward: -112, epsilon: 0.55
episode: 907, reward: -149, avg_reward: -112, epsilon: 0.55
episode: 908, reward: -82, avg_reward: -112, epsilon: 0.55
episode: 909, reward: -185, avg_reward: -113, epsilon: 0.55
episode: 910, reward: -183, avg_reward: -113, epsilon: 0.55
episode: 911, reward: -197, avg_reward: -114, epsilon: 0.54
episode: 912, reward: -118, avg_reward: -114, epsilon: 0.54
episode: 913, reward: -44, avg_reward: -113, epsilon: 0.54
episode: 914, reward: -76, avg_reward: -112, epsilon: 0.54
episode: 915, reward: -134, avg_reward: -113, epsilon: 0.54
episode: 916, reward: -58, avg_reward: -112, epsilon: 0.54
episode: 917, reward: -79, avg_reward: -111, epsilon: 0.54
episode: 918, reward: -125, avg_reward: -111, epsilon: 0.54
episode: 919, reward: -229, avg_reward: -112, epsilon: 0.54
episode: 920, reward: -109, avg_reward: -112, epsilon: 0.54
episode: 921, reward: -92, avg_reward: -113, epsilon: 0.54
episode: 922, reward: -126, avg_reward: -113, epsilon: 0.54
episode: 923, reward: -111, avg_reward: -113, epsilon: 0.54
episode: 924, reward: -269, avg_reward: -115, epsilon: 0.54
episode: 925, reward: -74, avg_reward: -114, epsilon: 0.54
episode: 926, reward: -130, avg_reward: -114, epsilon: 0.54
episode: 927, reward: -92, avg_reward: -113, epsilon: 0.54
episode: 928, reward: -134, avg_reward: -113, epsilon: 0.54
episode: 929, reward: -58, avg_reward: -113, epsilon: 0.54
episode: 930, reward: -93, avg_reward: -113, epsilon: 0.54
episode: 931, reward: -153, avg_reward: -113, epsilon: 0.53
episode: 932, reward: -154, avg_reward: -114, epsilon: 0.53
episode: 933, reward: -119, avg_reward: -114, epsilon: 0.53
episode: 934, reward: -24, avg_reward: -114, epsilon: 0.53
episode: 935, reward: -103, avg_reward: -113, epsilon: 0.53
episode: 936, reward: -125, avg_reward: -114, epsilon: 0.53
episode: 937, reward: -108, avg_reward: -114, epsilon: 0.53
episode: 938, reward: -91, avg_reward: -114, epsilon: 0.53
episode: 939, reward: -75, avg_reward: -113, epsilon: 0.53
episode: 940, reward: -99, avg_reward: -113, epsilon: 0.53
episode: 941, reward: -76, avg_reward: -112, epsilon: 0.53
episode: 942, reward: -104, avg_reward: -112, epsilon: 0.53
episode: 943, reward: -108, avg_reward: -112, epsilon: 0.53
episode: 944, reward: -114, avg_reward: -112, epsilon: 0.53
episode: 945, reward: -138, avg_reward: -112, epsilon: 0.53
episode: 946, reward: -95, avg_reward: -112, epsilon: 0.53
episode: 947, reward: -138, avg_reward: -112, epsilon: 0.53
episode: 948, reward: -73, avg_reward: -113, epsilon: 0.53
episode: 949, reward: -179, avg_reward: -114, epsilon: 0.53
episode: 950, reward: -134, avg_reward: -114, epsilon: 0.53
episode: 951, reward: -93, avg_reward: -114, epsilon: 0.52
episode: 952, reward: -90, avg_reward: -113, epsilon: 0.52
episode: 953, reward: -168, avg_reward: -114, epsilon: 0.52
episode: 954, reward: -136, avg_reward: -114, epsilon: 0.52
episode: 955, reward: -98, avg_reward: -114, epsilon: 0.52
episode: 956, reward: -100, avg_reward: -115, epsilon: 0.52
episode: 957, reward: -292, avg_reward: -116, epsilon: 0.52
episode: 958, reward: -79, avg_reward: -116, epsilon: 0.52
episode: 959, reward: -40, avg_reward: -115, epsilon: 0.52
episode: 960, reward: -110, avg_reward: -115, epsilon: 0.52
episode: 961, reward: -95, avg_reward: -115, epsilon: 0.52
episode: 962, reward: -134, avg_reward: -115, epsilon: 0.52
episode: 963, reward: -92, avg_reward: -115, epsilon: 0.52
episode: 964, reward: -127, avg_reward: -115, epsilon: 0.52
episode: 965, reward: -95, avg_reward: -115, epsilon: 0.52
episode: 966, reward: -103, avg_reward: -115, epsilon: 0.52
episode: 967, reward: -38, avg_reward: -114, epsilon: 0.52
episode: 968, reward: -80, avg_reward: -114, epsilon: 0.52
episode: 969, reward: -91, avg_reward: -113, epsilon: 0.52
episode: 970, reward: -43, avg_reward: -113, epsilon: 0.52
episode: 971, reward: -11, avg_reward: -112, epsilon: 0.51
episode: 972, reward: -71, avg_reward: -111, epsilon: 0.51
episode: 973, reward: -87, avg_reward: -110, epsilon: 0.51
episode: 974, reward: -63, avg_reward: -110, epsilon: 0.51
episode: 975, reward: -103, avg_reward: -109, epsilon: 0.51
episode: 976, reward: -63, avg_reward: -108, epsilon: 0.51
episode: 977, reward: -153, avg_reward: -108, epsilon: 0.51
episode: 978, reward: -63, avg_reward: -109, epsilon: 0.51
episode: 979, reward: -48, avg_reward: -106, epsilon: 0.51
episode: 980, reward: -77, avg_reward: -106, epsilon: 0.51
episode: 981, reward: -140, avg_reward: -107, epsilon: 0.51
episode: 982, reward: -162, avg_reward: -107, epsilon: 0.51
episode: 983, reward: -98, avg_reward: -107, epsilon: 0.51
episode: 984, reward: -99, avg_reward: -107, epsilon: 0.51
episode: 985, reward: -74, avg_reward: -108, epsilon: 0.51
episode: 986, reward: -113, avg_reward: -107, epsilon: 0.51
episode: 987, reward: -79, avg_reward: -106, epsilon: 0.51
episode: 988, reward: -162, avg_reward: -107, epsilon: 0.51
episode: 989, reward: -124, avg_reward: -108, epsilon: 0.51
episode: 990, reward: -59, avg_reward: -108, epsilon: 0.51
episode: 991, reward: -238, avg_reward: -109, epsilon: 0.50
episode: 992, reward: -149, avg_reward: -109, epsilon: 0.50
episode: 993, reward: -36, avg_reward: -108, epsilon: 0.50
episode: 994, reward: -78, avg_reward: -107, epsilon: 0.50
episode: 995, reward: -86, avg_reward: -107, epsilon: 0.50
episode: 996, reward: -58, avg_reward: -108, epsilon: 0.50
episode: 997, reward: -57, avg_reward: -107, epsilon: 0.50
episode: 998, reward: -64, avg_reward: -107, epsilon: 0.50
episode: 999, reward: -227, avg_reward: -108, epsilon: 0.50
episode: 1000, reward: -130, avg_reward: -108, epsilon: 0.50
